[
  {
    "id": "15bd8742-c152-4377-b979-2952a865f19e",
    "data": [
      {
        "text": "how much time each test will take",
        "userDefined": false
      }
    ],
    "isTemplate": false,
    "count": 0,
    "updated": 1507285421
  },
  {
    "id": "66f82e58-4e39-4f6d-a956-56107bfa8f0d",
    "data": [
      {
        "text": "how much should i score to pass",
        "userDefined": false
      }
    ],
    "isTemplate": false,
    "count": 0,
    "updated": 1507275267
  },
  {
    "id": "42a72212-2d50-4b8a-86f2-ab719de16271",
    "data": [
      {
        "text": "Any other query",
        "userDefined": false
      }
    ],
    "isTemplate": false,
    "count": 0,
    "updated": 0
  }
]