[
  {
    "id": "092a54c3-47c4-4ec7-8b56-bedf13037c74",
    "data": [
      {
        "text": "exam venue",
        "userDefined": false
      }
    ],
    "isTemplate": false,
    "count": 0,
    "updated": 1507287281
  },
  {
    "id": "c5fa5b68-6e64-4a55-989f-f8ff8ec9f71b",
    "data": [
      {
        "text": "i want to make changes on my registration details",
        "userDefined": false
      }
    ],
    "isTemplate": false,
    "count": 0,
    "updated": 1507287281
  },
  {
    "id": "f5819836-ceae-4e34-bfeb-c97d1d43c52d",
    "data": [
      {
        "text": "Whom to contact at the exam venue",
        "userDefined": false
      }
    ],
    "isTemplate": false,
    "count": 0,
    "updated": 1507287281
  },
  {
    "id": "c7a69fa8-0a1a-46ab-addf-6647cc0f61b6",
    "data": [
      {
        "text": "Whom to contact at the exam venue to make changes on my registration details",
        "userDefined": false
      }
    ],
    "isTemplate": false,
    "count": 0,
    "updated": 0
  }
]