[
  {
    "id": "0d812b7a-5e87-4998-93e2-90b35b6dbcee",
    "data": [
      {
        "text": "is there anyone available for speaking",
        "userDefined": false
      }
    ],
    "isTemplate": false,
    "count": 0,
    "updated": 1507285795
  },
  {
    "id": "c6fc6b40-2caf-49b7-9033-5adc95d994bc",
    "data": [
      {
        "text": "is there anyone available to talk",
        "userDefined": false
      }
    ],
    "isTemplate": false,
    "count": 0,
    "updated": 1507285795
  },
  {
    "id": "36b5418f-832e-4b61-95db-94d1b76c59ce",
    "data": [
      {
        "text": "tell me contact number",
        "userDefined": false
      }
    ],
    "isTemplate": false,
    "count": 0,
    "updated": 1507285795
  },
  {
    "id": "a9fbf32b-179c-417e-8dd8-8494afc91a7a",
    "data": [
      {
        "text": "can i contact someone over phone",
        "userDefined": false
      }
    ],
    "isTemplate": false,
    "count": 0,
    "updated": 1507285795
  },
  {
    "id": "5bf317f2-8c2a-41d5-879a-6c63b949a17d",
    "data": [
      {
        "text": "can i call someone",
        "userDefined": false
      }
    ],
    "isTemplate": false,
    "count": 0,
    "updated": 1507285795
  },
  {
    "id": "fb27744f-460a-487f-a452-cf810b67a74b",
    "data": [
      {
        "text": "May I know the contact number to talk to someone over the phone?",
        "userDefined": false
      }
    ],
    "isTemplate": false,
    "count": 0,
    "updated": 0
  }
]