[
  {
    "id": "5d25661e-2ad5-441d-8223-135bcb8a7b2e",
    "data": [
      {
        "text": "exam centre",
        "userDefined": false
      }
    ],
    "isTemplate": false,
    "count": 0,
    "updated": 1507286005
  },
  {
    "id": "e6a453be-aa24-4e67-980c-14593f29e88c",
    "data": [
      {
        "text": "where is my exam centre",
        "userDefined": false
      }
    ],
    "isTemplate": false,
    "count": 0,
    "updated": 1507286005
  },
  {
    "id": "615ab542-6d2e-406b-8b5f-091225aa7520",
    "data": [
      {
        "text": "exam centre details",
        "userDefined": false
      }
    ],
    "isTemplate": false,
    "count": 0,
    "updated": 1507286005
  },
  {
    "id": "b28880c4-9a55-4ed2-bbda-c23fc7feea21",
    "data": [
      {
        "text": "tell me my exam centre details",
        "userDefined": false
      }
    ],
    "isTemplate": false,
    "count": 0,
    "updated": 1507286005
  },
  {
    "id": "dbde0c1a-46ff-4a32-a39e-f3659ca1678d",
    "data": [
      {
        "text": "did not receive the exam centre details",
        "userDefined": false
      }
    ],
    "isTemplate": false,
    "count": 0,
    "updated": 1507286005
  },
  {
    "id": "4befa50a-b0d9-4a30-a57d-3fc273c90134",
    "data": [
      {
        "text": "Just registered for the exam which is confirmed , did not receive the exam centre details",
        "userDefined": false
      }
    ],
    "isTemplate": false,
    "count": 0,
    "updated": 0
  }
]