[
  {
    "id": "b54e5d74-3496-4dfd-9ddc-2d51cceb880f",
    "data": [
      {
        "text": "identification document number",
        "userDefined": false
      }
    ],
    "isTemplate": false,
    "count": 0,
    "updated": 1507286470
  },
  {
    "id": "46c0d497-d459-423f-a975-3850c2dd1466",
    "data": [
      {
        "text": "tell me identification document number",
        "userDefined": false
      }
    ],
    "isTemplate": false,
    "count": 0,
    "updated": 1507286470
  },
  {
    "id": "6d5a9781-9d99-43a0-87ba-819f4dd9bfcc",
    "data": [
      {
        "text": "i wants to know my identification document number",
        "userDefined": false
      }
    ],
    "isTemplate": false,
    "count": 0,
    "updated": 1507286470
  },
  {
    "id": "847cf1bf-1115-4e45-a255-87b2d1c85902",
    "data": [
      {
        "text": "what is the identification document number",
        "userDefined": false
      }
    ],
    "isTemplate": false,
    "count": 0,
    "updated": 0
  }
]