[
  {
    "id": "9e59951b-a9c2-4d8b-a155-11a666c320cb",
    "data": [
      {
        "text": "i want to register for IELTS",
        "userDefined": false
      }
    ],
    "isTemplate": false,
    "count": 0,
    "updated": 1507286846
  },
  {
    "id": "afb5e4c3-bfbc-4f53-88a9-a1792194a532",
    "data": [
      {
        "text": "IELTS registration",
        "userDefined": false
      }
    ],
    "isTemplate": false,
    "count": 0,
    "updated": 1507286846
  },
  {
    "id": "92fce86f-b9d1-48ba-ac10-4c692a1632b5",
    "data": [
      {
        "text": "How to register for IELTS?",
        "userDefined": false
      }
    ],
    "isTemplate": false,
    "count": 0,
    "updated": 0
  }
]