[
  {
    "id": "8dd86884-1522-47ba-8905-52ee5c1d69e0",
    "data": [
      {
        "text": "IELTS  date",
        "userDefined": false
      }
    ],
    "isTemplate": false,
    "count": 0,
    "updated": 1507286639
  },
  {
    "id": "f08a0dcc-408f-4c6e-a52e-19bf3e5ff46d",
    "data": [
      {
        "text": "IELTS exam date",
        "userDefined": false
      }
    ],
    "isTemplate": false,
    "count": 0,
    "updated": 1507286639
  },
  {
    "id": "6a9295b2-fd64-4298-959a-c13d73e55092",
    "data": [
      {
        "text": "i want IELTS exam date ",
        "userDefined": false
      },
      {
        "text": "in feb 2018",
        "meta": "@sys.ignore",
        "userDefined": false
      }
    ],
    "isTemplate": false,
    "count": 0,
    "updated": 1507286639
  },
  {
    "id": "0aa17f7a-4184-48b5-8e90-50a2ae82ddc4",
    "data": [
      {
        "text": "I want to take a IELTS date in January 2018",
        "userDefined": false
      }
    ],
    "isTemplate": false,
    "count": 0,
    "updated": 0
  }
]