[
  {
    "id": "eb23ac88-50d6-407f-ab02-c2c85a6d378e",
    "data": [
      {
        "text": "library address pune",
        "userDefined": false
      }
    ],
    "isTemplate": false,
    "count": 0,
    "updated": 1507287018
  },
  {
    "id": "5cd2e511-ded0-415a-bef7-a00af20425f7",
    "data": [
      {
        "text": "i want library address for ",
        "userDefined": false
      },
      {
        "text": "pune",
        "meta": "@sys.ignore",
        "userDefined": false
      }
    ],
    "isTemplate": false,
    "count": 0,
    "updated": 1507287018
  },
  {
    "id": "c54eae93-165d-4750-bf40-4a5f9a3be007",
    "data": [
      {
        "text": "Library address",
        "userDefined": false
      }
    ],
    "isTemplate": false,
    "count": 0,
    "updated": 0
  }
]