[
  {
    "id": "1dd3b76c-9b64-4b7a-8e34-50dc24694857",
    "data": [
      {
        "text": "tell me about GT module",
        "userDefined": false
      }
    ],
    "isTemplate": false,
    "count": 0,
    "updated": 1507288225
  },
  {
    "id": "262678d0-c8f1-497e-8a77-377927f9fe9f",
    "data": [
      {
        "text": "tell me about AC module",
        "userDefined": false
      }
    ],
    "isTemplate": false,
    "count": 0,
    "updated": 1507288225
  },
  {
    "id": "ff30d23b-9316-4bdb-8a33-bffcf13eb5c6",
    "data": [
      {
        "text": "tell me about AC and GT modules",
        "userDefined": false
      }
    ],
    "isTemplate": false,
    "count": 0,
    "updated": 1507288225
  },
  {
    "id": "ca39b89a-b437-4569-a6c1-45b5df14ad08",
    "data": [
      {
        "text": "Which module should I  take - AC or GT",
        "userDefined": false
      }
    ],
    "isTemplate": false,
    "count": 0,
    "updated": 0
  }
]