[
  {
    "id": "70bea6cc-58f5-4d69-8353-0c9765240df2",
    "data": [
      {
        "text": "I want to register for the course online",
        "userDefined": false
      }
    ],
    "isTemplate": false,
    "count": 0,
    "updated": 1507288418
  },
  {
    "id": "d15f1de8-40b4-495b-97f0-f8d3a578114b",
    "data": [
      {
        "text": "I took an test in Chennai, I want to register for the course online",
        "userDefined": false
      }
    ],
    "isTemplate": false,
    "count": 0,
    "updated": 0
  }
]