[
  {
    "id": "9638b853-5ac2-4ebc-82ec-9a7634b7014d",
    "data": [
      {
        "text": "no last name on passport",
        "userDefined": false
      }
    ],
    "isTemplate": false,
    "count": 0,
    "updated": 1507285572
  },
  {
    "id": "44c0d1d0-bdbc-48e0-a4e2-a81099b48f23",
    "data": [
      {
        "text": "how do I complete IELTS application form",
        "userDefined": false
      }
    ],
    "isTemplate": false,
    "count": 0,
    "updated": 1507285572
  },
  {
    "id": "2d0b1ec9-fb1e-401c-8b3c-402002cd2fe3",
    "data": [
      {
        "text": "I do not have a last name on my passport",
        "userDefined": false
      }
    ],
    "isTemplate": false,
    "count": 0,
    "updated": 1507285572
  },
  {
    "id": "4e64c0b7-fd40-44c6-9ab1-77e2b201e971",
    "data": [
      {
        "text": "I do not have a last name on my passport, how do I complete IELTS application form",
        "userDefined": false
      }
    ],
    "isTemplate": false,
    "count": 0,
    "updated": 0
  }
]