[
  {
    "id": "d43f4138-608c-45f0-a365-a1de1c57415f",
    "data": [
      {
        "text": "WiFi",
        "userDefined": false
      }
    ],
    "isTemplate": false,
    "count": 1,
    "updated": 1507288311
  },
  {
    "id": "0c6cebaa-5949-4a9d-bc99-03e4c0cf9ab1",
    "data": [
      {
        "text": "Wi-Fi",
        "userDefined": false
      }
    ],
    "isTemplate": false,
    "count": 2,
    "updated": 1507288311
  },
  {
    "id": "313d2475-d557-4717-be48-125025ed41ca",
    "data": [
      {
        "text": "do I have access to Wi-Fi",
        "userDefined": false
      }
    ],
    "isTemplate": false,
    "count": 0,
    "updated": 1507288311
  },
  {
    "id": "72d636e3-9415-4490-a360-dbb1bcbd3265",
    "data": [
      {
        "text": "If I take library membership, do I have access to Wi-Fi?",
        "userDefined": false
      }
    ],
    "isTemplate": false,
    "count": 0,
    "updated": 0
  }
]